C,ngram_range,min_df,sublinear_tf,val_acc,val_macro_f1,val_weighted_f1,cloud_recall,train_time_ms
0.1,"(1, 1)",2,False,0.9856,0.9889,0.9856,1.0,557.82
0.1,"(1, 2)",1,False,0.9856,0.9889,0.9856,1.0,2374.09
0.1,"(1, 2)",2,False,0.9856,0.9889,0.9856,1.0,2026.45
0.5,"(1, 1)",1,False,0.9856,0.9889,0.9856,1.0,334.17
0.5,"(1, 1)",3,False,0.9856,0.9889,0.9856,1.0,350.03
0.5,"(1, 2)",1,False,0.9856,0.9889,0.9856,1.0,1482.41
0.5,"(1, 1)",2,False,0.9856,0.9889,0.9856,1.0,354.55
1.0,"(1, 1)",2,False,0.9856,0.9889,0.9856,1.0,384.07
0.5,"(1, 3)",1,False,0.9856,0.9889,0.9856,1.0,2994.94
0.5,"(1, 3)",2,False,0.9856,0.9889,0.9856,1.0,2981.52
0.5,"(1, 2)",3,False,0.9856,0.9889,0.9856,1.0,1363.46
0.5,"(1, 2)",2,False,0.9856,0.9889,0.9856,1.0,1605.87
1.0,"(1, 2)",1,False,0.9856,0.9889,0.9856,1.0,1536.95
1.0,"(1, 2)",2,False,0.9856,0.9889,0.9856,1.0,1663.13
1.0,"(1, 3)",1,False,0.9856,0.9889,0.9856,1.0,3044.31
1.0,"(1, 2)",3,False,0.9856,0.9889,0.9856,1.0,1531.87
2.0,"(1, 1)",1,False,0.9856,0.9889,0.9856,1.0,363.95
2.0,"(1, 1)",2,False,0.9856,0.9889,0.9856,1.0,350.46
1.0,"(1, 3)",3,False,0.9856,0.9889,0.9856,1.0,3015.82
1.0,"(1, 3)",2,False,0.9856,0.9889,0.9856,1.0,3040.97
0.5,"(1, 3)",3,False,0.9856,0.9889,0.9856,1.0,3016.34
2.0,"(1, 1)",3,False,0.9856,0.9889,0.9856,1.0,349.53
2.0,"(1, 2)",3,False,0.9856,0.9889,0.9856,1.0,1540.76
2.0,"(1, 2)",2,False,0.9856,0.9889,0.9856,1.0,1753.44
2.0,"(1, 3)",3,False,0.9856,0.9889,0.9856,1.0,3058.22
5.0,"(1, 1)",1,False,0.9856,0.9889,0.9856,1.0,401.15
5.0,"(1, 1)",2,False,0.9856,0.9889,0.9856,1.0,384.73
2.0,"(1, 3)",2,False,0.9856,0.9889,0.9856,1.0,2969.04
1.0,"(1, 1)",3,False,0.9856,0.9889,0.9856,1.0,361.6
1.0,"(1, 1)",1,False,0.9856,0.9889,0.9856,1.0,398.68
0.2,"(1, 3)",2,False,0.9819,0.9864,0.982,1.0,2975.26
0.2,"(1, 2)",3,False,0.9819,0.9864,0.982,1.0,1465.34
0.2,"(1, 2)",1,False,0.9819,0.9864,0.982,1.0,1481.2
0.2,"(1, 2)",2,False,0.9819,0.9864,0.982,1.0,1382.14
0.2,"(1, 1)",3,False,0.9819,0.9864,0.982,1.0,433.66
0.1,"(1, 3)",3,False,0.9819,0.9864,0.982,1.0,2869.74
0.2,"(1, 1)",2,False,0.9819,0.9864,0.982,1.0,446.05
0.2,"(1, 3)",3,False,0.9819,0.9864,0.982,1.0,3003.49
0.2,"(1, 3)",1,False,0.9819,0.9864,0.982,1.0,2916.2
0.1,"(1, 3)",1,False,0.9819,0.9864,0.982,1.0,3162.41
0.1,"(1, 1)",3,False,0.9819,0.9864,0.982,1.0,437.02
0.2,"(1, 1)",1,False,0.9819,0.9864,0.982,1.0,357.19
0.1,"(1, 3)",2,False,0.9819,0.9864,0.982,1.0,2891.77
0.1,"(1, 2)",3,False,0.9819,0.9864,0.982,1.0,1837.3
0.5,"(1, 3)",1,True,0.9819,0.9864,0.982,1.0,4000.39
1.0,"(1, 2)",2,True,0.9819,0.9864,0.982,1.0,1694.04
0.5,"(1, 3)",2,True,0.9819,0.9864,0.982,1.0,3050.42
1.0,"(1, 2)",1,True,0.9819,0.9864,0.982,1.0,1489.54
5.0,"(1, 3)",2,False,0.9819,0.9855,0.982,1.0,3395.45
5.0,"(1, 3)",3,False,0.9819,0.9855,0.982,1.0,3258.81
5.0,"(1, 3)",1,False,0.9819,0.9855,0.982,1.0,3391.84
2.0,"(1, 2)",1,False,0.9819,0.9855,0.982,1.0,2050.76
5.0,"(1, 2)",1,False,0.9819,0.9855,0.982,1.0,1639.47
5.0,"(1, 2)",2,False,0.9819,0.9855,0.982,1.0,1775.76
5.0,"(1, 1)",3,False,0.9819,0.9855,0.982,1.0,383.15
2.0,"(1, 3)",1,False,0.9819,0.9855,0.982,1.0,3051.51
5.0,"(1, 2)",3,False,0.9819,0.9855,0.982,1.0,1737.27
0.5,"(1, 2)",2,True,0.9819,0.9847,0.982,1.0,1500.95
0.2,"(1, 3)",3,True,0.9819,0.9847,0.982,1.0,2924.5
0.5,"(1, 2)",3,True,0.9819,0.9847,0.982,1.0,1488.58
0.2,"(1, 3)",1,True,0.9819,0.9847,0.982,1.0,3025.07
0.2,"(1, 2)",2,True,0.9819,0.9847,0.982,1.0,1449.89
0.1,"(1, 3)",1,True,0.9819,0.9847,0.982,1.0,3597.91
0.1,"(1, 3)",2,True,0.9819,0.9847,0.982,1.0,3003.53
0.2,"(1, 3)",2,True,0.9819,0.9847,0.982,1.0,2965.54
0.2,"(1, 2)",3,True,0.9819,0.9847,0.982,1.0,1432.72
0.5,"(1, 1)",2,True,0.9819,0.9847,0.982,1.0,347.3
0.5,"(1, 1)",3,True,0.9819,0.9847,0.982,1.0,354.77
0.2,"(1, 2)",1,True,0.9819,0.9847,0.982,1.0,1495.23
0.5,"(1, 3)",3,True,0.9783,0.9837,0.9784,1.0,2955.26
1.0,"(1, 3)",1,True,0.9783,0.9837,0.9784,1.0,3035.09
1.0,"(1, 3)",3,True,0.9783,0.9837,0.9784,1.0,3080.09
2.0,"(1, 3)",1,True,0.9783,0.9837,0.9784,1.0,3159.17
1.0,"(1, 3)",2,True,0.9783,0.9837,0.9784,1.0,2994.14
2.0,"(1, 2)",2,True,0.9783,0.9836,0.9784,1.0,1774.67
2.0,"(1, 3)",3,True,0.9783,0.9835,0.9783,1.0,3121.75
5.0,"(1, 2)",1,True,0.9783,0.9835,0.9783,1.0,1661.61
2.0,"(1, 2)",3,True,0.9783,0.9835,0.9783,1.0,1747.39
1.0,"(1, 1)",3,True,0.9783,0.9829,0.9783,1.0,347.18
1.0,"(1, 1)",2,True,0.9783,0.9829,0.9783,1.0,359.6
0.2,"(1, 1)",1,True,0.9783,0.9822,0.9784,1.0,346.7
0.1,"(1, 2)",1,True,0.9783,0.9822,0.9784,1.0,1984.65
0.1,"(1, 1)",1,True,0.9783,0.9822,0.9784,1.0,503.48
0.2,"(1, 1)",3,True,0.9783,0.9822,0.9784,1.0,412.91
0.1,"(1, 2)",2,True,0.9783,0.9822,0.9784,1.0,2033.67
0.1,"(1, 3)",3,True,0.9783,0.9822,0.9784,1.0,3437.44
0.1,"(1, 2)",3,True,0.9783,0.9822,0.9784,1.0,2054.11
0.1,"(1, 1)",2,True,0.9783,0.9822,0.9784,1.0,483.28
0.1,"(1, 1)",3,True,0.9783,0.9822,0.9784,1.0,485.71
0.2,"(1, 1)",2,True,0.9783,0.9822,0.9784,1.0,397.5
0.1,"(1, 1)",1,False,0.9783,0.9821,0.9784,1.0,601.78
0.5,"(1, 1)",1,True,0.9783,0.9821,0.9784,1.0,366.28
0.5,"(1, 2)",1,True,0.9783,0.9821,0.9784,1.0,1524.91
2.0,"(1, 3)",2,True,0.9747,0.981,0.9748,1.0,3068.37
2.0,"(1, 2)",1,True,0.9747,0.981,0.9748,1.0,1924.18
1.0,"(1, 2)",3,True,0.9747,0.981,0.9748,1.0,1507.68
5.0,"(1, 3)",2,True,0.9747,0.9809,0.9747,1.0,3103.67
5.0,"(1, 3)",3,True,0.9747,0.9809,0.9747,1.0,3413.75
5.0,"(1, 2)",2,True,0.9747,0.9809,0.9747,1.0,1779.22
5.0,"(1, 3)",1,True,0.9747,0.9809,0.9747,1.0,3520.9
5.0,"(1, 2)",3,True,0.9747,0.9809,0.9747,1.0,2269.83
2.0,"(1, 1)",2,True,0.9747,0.9803,0.9747,1.0,376.02
1.0,"(1, 1)",1,True,0.9747,0.9795,0.9747,1.0,336.58
2.0,"(1, 1)",1,True,0.9711,0.9776,0.971,1.0,385.77
2.0,"(1, 1)",3,True,0.9711,0.9775,0.9711,1.0,360.5
5.0,"(1, 1)",1,True,0.9675,0.9748,0.9674,1.0,455.57
5.0,"(1, 1)",2,True,0.9675,0.9748,0.9674,1.0,416.64
5.0,"(1, 1)",3,True,0.9675,0.9748,0.9674,1.0,423.24
