dataset,true_label,pred_class,max_confidence,margin,entropy,text_length
in_domain_test,Cybersecurity,Cybersecurity,0.9574630574328523,0.9342474299740379,0.31425739145704074,3181
in_domain_test,DevOps,DevOps,0.9695093715922202,0.9476160334099835,0.234942276185027,1415
in_domain_test,Cybersecurity,Cybersecurity,0.9812276031502696,0.9732003368764927,0.1668057169101319,2376
in_domain_test,DevOps,DevOps,0.9553807355715456,0.9341987538455228,0.3298436442602825,2953
in_domain_test,Cybersecurity,Cybersecurity,0.9870499662586599,0.9826985151911544,0.12450815555602998,4669
in_domain_test,Web Development,Web Development,0.7829561774257038,0.6186644766277436,0.9922130243018683,4841
in_domain_test,DevOps,DevOps,0.9806628396116677,0.9722394305480208,0.1687240455697466,3382
in_domain_test,Web Development,Web Development,0.9872158072296546,0.9837195767091601,0.1242665977123294,1297
in_domain_test,Data Science,Data Science,0.9458484870562778,0.8991231592352504,0.34550901498169534,6886
in_domain_test,Data Science,Data Science,0.9827364662030422,0.9752928737874134,0.15722194033505033,1838
in_domain_test,Data Science,Data Science,0.9368438298680959,0.8982469702347398,0.4324103166746903,4542
in_domain_test,DevOps,DevOps,0.9688751187109459,0.9573077742890069,0.259879073136386,1326
in_domain_test,Data Science,Data Science,0.9506528279266211,0.9126597246104295,0.33619078595509594,1977
in_domain_test,Data Science,Data Science,0.8354901918444668,0.7104938336076162,0.8237604010386922,5055
in_domain_test,Web Development,Web Development,0.974791243424496,0.9631254747236769,0.21467113288010709,1335
in_domain_test,Data Science,Data Science,0.9710870753906968,0.9594363607241114,0.2429992431543181,1006
in_domain_test,Data Science,Data Science,0.843659514864374,0.7162318034390172,0.7750114714561367,4233
in_domain_test,Web Development,Web Development,0.9815344873392963,0.9740924806273364,0.16769990983660427,1593
in_domain_test,Data Science,Data Science,0.9784592368822655,0.9702764125333256,0.1906809890342076,1489
in_domain_test,Web Development,Web Development,0.9746526079250177,0.9623982551571263,0.21656932998653372,1242
in_domain_test,Web Development,Web Development,0.7195805706559805,0.450750373145226,0.9433062776899193,4420
in_domain_test,Data Science,Data Science,0.9801634834178206,0.971102454051312,0.17727360666085445,1815
in_domain_test,Data Science,Data Science,0.9828220809660536,0.9756920904076889,0.1578385023411738,5376
in_domain_test,Web Development,Web Development,0.9787824467833822,0.9671227616299148,0.18205530043941603,2695
in_domain_test,Web Development,Web Development,0.9549384079971949,0.9333762611005078,0.33714930387402614,2859
in_domain_test,Data Science,Data Science,0.9793555725528156,0.972992796523979,0.1858019822649022,1335
in_domain_test,Cybersecurity,Cybersecurity,0.9848451793659528,0.9774829486880171,0.1400251968711831,6806
in_domain_test,Web Development,Web Development,0.9537858034712855,0.9303555452954461,0.33704442208711344,4879
in_domain_test,Web Development,Web Development,0.9902776010626552,0.9859295331573509,0.0970826171546675,2041
in_domain_test,Data Science,Data Science,0.9807865206427728,0.9753220640922272,0.17507642513188607,1244
in_domain_test,Cybersecurity,Cybersecurity,0.9827271541481728,0.9752722798730181,0.15677150137284973,5113
in_domain_test,Cybersecurity,Cybersecurity,0.9778468636047801,0.9696217148824662,0.19640528389542694,1453
in_domain_test,Cybersecurity,Cybersecurity,0.9209615217860749,0.8715631037497008,0.5046495159434458,2454
in_domain_test,Cybersecurity,Cybersecurity,0.9923968471181002,0.9884065292763309,0.07625555330567169,2151
in_domain_test,Web Development,Web Development,0.9798032079850643,0.9733277344164392,0.18214297598176674,1739
in_domain_test,Web Development,Web Development,0.9846717702129728,0.9800054087857488,0.14473170177075823,1304
in_domain_test,Web Development,Web Development,0.9929700324940957,0.9887771953433012,0.0716485966592882,7921
in_domain_test,Data Science,Data Science,0.6375228442024965,0.31911473136739454,1.1956122935216884,3985
in_domain_test,Web Development,Web Development,0.9918390770185688,0.9887908279193013,0.08420998422757132,4136
in_domain_test,Web Development,Web Development,0.9872757373823994,0.9828864337858552,0.12326106264111113,1604
in_domain_test,Data Science,Data Science,0.9814987855309356,0.9735081214128368,0.16714634958045269,1594
in_domain_test,Web Development,Web Development,0.972679234727784,0.9522252203753852,0.21298490647963625,11330
in_domain_test,Web Development,Web Development,0.9836177628025908,0.9787096133116345,0.15263125657963666,1918
in_domain_test,Data Science,Data Science,0.8869829050923667,0.7950978431352845,0.6181325655442063,2918
in_domain_test,Web Development,Web Development,0.9834317349506264,0.9779589471226994,0.15413779590828447,1287
in_domain_test,Data Science,Data Science,0.9713714417131356,0.9549305728753538,0.23250673294540486,7392
in_domain_test,Web Development,Web Development,0.9672295073504642,0.9398422389812837,0.23769153042737526,3682
in_domain_test,DevOps,DevOps,0.9785147737185511,0.9678132300258842,0.18201217945509388,2119
in_domain_test,Cybersecurity,Cybersecurity,0.9670866774793792,0.9498501143285681,0.26576171116332625,1343
in_domain_test,Web Development,Web Development,0.9617998109577679,0.943228421176019,0.29845069731438684,4453
in_domain_test,Cybersecurity,Cybersecurity,0.997207860920799,0.9958760914223764,0.032297220744604664,7049
in_domain_test,Web Development,Web Development,0.9755186804515708,0.9611768832277985,0.20413506756765118,5438
in_domain_test,Web Development,Web Development,0.9866839781532128,0.9830770458166294,0.1286151376101752,1490
in_domain_test,DevOps,DevOps,0.9815966128170022,0.9729338640357729,0.1644993268131477,1701
in_domain_test,Web Development,Web Development,0.9585665503784965,0.9383166905551472,0.3205685935294055,4205
in_domain_test,Web Development,Web Development,0.979675000305418,0.9690642867991274,0.17880758958649468,5786
in_domain_test,DevOps,DevOps,0.9746854944045097,0.9652711185450363,0.21623240874138794,1901
in_domain_test,Web Development,Web Development,0.9815303901370422,0.9720977075168084,0.16497032636100295,1055
in_domain_test,Web Development,Web Development,0.9780254274875271,0.9689849931348504,0.19209525004967085,1479
in_domain_test,DevOps,DevOps,0.9759401368700817,0.9614174625426786,0.19838976935186245,1650
in_domain_test,DevOps,DevOps,0.9878167345359639,0.9808620630267568,0.1112884821761458,8317
in_domain_test,Data Science,Data Science,0.811663423115345,0.6578863895298577,0.8737390275334374,4531
in_domain_test,DevOps,DevOps,0.9570349788947337,0.9298274110846314,0.3145314336249364,2843
in_domain_test,Data Science,Data Science,0.9812029565120277,0.9744577285038246,0.17025776238626078,1666
in_domain_test,Data Science,Web Development,0.5335896504176487,0.09379407010584567,1.1788758909517654,2304
in_domain_test,Data Science,Data Science,0.9096359995334564,0.8275167494123862,0.49044843635491675,5103
in_domain_test,Web Development,DevOps,0.5196273819080688,0.049250063168946645,1.0789075635748184,6971
in_domain_test,Cybersecurity,Cybersecurity,0.9930774714799405,0.990080241197193,0.07212171141594878,7009
in_domain_test,Data Science,Data Science,0.6688164136306851,0.3682555173553922,1.1081623890442878,1841
in_domain_test,Data Science,Data Science,0.9788386692904618,0.9675144557868215,0.18439902979652978,4553
in_domain_test,Data Science,Data Science,0.984939419676406,0.9787559901570224,0.13985797983678944,1481
in_domain_test,Data Science,Data Science,0.815254575527746,0.6569561781460387,0.8339524647367027,5332
in_domain_test,Data Science,Data Science,0.9507033761889625,0.9155503939923164,0.34641446866837744,2876
in_domain_test,Web Development,Web Development,0.6808069274670683,0.3693246732349643,0.9645911836442933,4764
in_domain_test,Web Development,Web Development,0.9793426113743328,0.9668735635430726,0.17616001386200153,974
in_domain_test,DevOps,DevOps,0.9403718414916913,0.9172117707396491,0.4235622976185426,3392
in_domain_test,Web Development,Web Development,0.6583039383577827,0.40186963771259726,1.2593620463855104,3158
in_domain_test,Data Science,Data Science,0.9322777654902501,0.8834170841036266,0.4381268156191807,4635
in_domain_test,Data Science,Data Science,0.9692158705596492,0.9589722656398687,0.2581912479686633,1264
in_domain_test,Web Development,Web Development,0.9768382795924117,0.9691766194251151,0.20304592092378854,243
in_domain_test,Web Development,Web Development,0.9822915294239113,0.9686528494064074,0.14765160550789638,5136
in_domain_test,Web Development,Web Development,0.9836164523652278,0.9738051004200118,0.14517698578195018,8550
in_domain_test,Web Development,Web Development,0.9839116609233584,0.9760386216367332,0.14670330466142983,2683
in_domain_test,DevOps,DevOps,0.9574242702138489,0.9212080235820288,0.28935944782751816,4932
in_domain_test,Cybersecurity,Cybersecurity,0.9663826573581537,0.9508112073394742,0.27293315480685754,1299
in_domain_test,Web Development,Web Development,0.9855066535923391,0.9805616968640901,0.13762779514895335,1534
in_domain_test,Cybersecurity,Cybersecurity,0.8308955238231972,0.687199803970279,0.7931585859320436,2335
in_domain_test,Cybersecurity,Cybersecurity,0.9912501606612898,0.9861471584929244,0.0865472592822116,21513
in_domain_test,Cybersecurity,Web Development,0.494518280520706,0.24621627728104886,1.7059442462075993,1281
in_domain_test,DevOps,DevOps,0.9699229623918442,0.9566103344595103,0.2509656382011667,1065
in_domain_test,Cybersecurity,Cybersecurity,0.9932133374397853,0.9903602898973879,0.07071742340188467,6352
in_domain_test,Web Development,Web Development,0.623700669244496,0.29192951616392127,1.2174563144142372,8015
in_domain_test,DevOps,DevOps,0.9656351783131537,0.950287877669812,0.27872535085756167,1606
in_domain_test,Cloud Computing,Cloud Computing,0.9783907270372858,0.9701979595599732,0.19175735261730206,1198
in_domain_test,Web Development,Web Development,0.9590182053096461,0.939356325060565,0.3174706509687035,1737
in_domain_test,Web Development,Web Development,0.9787111286405171,0.9682262136994774,0.18654547036459176,3440
in_domain_test,Web Development,Web Development,0.9783772415509528,0.966383521364071,0.18577680361701376,5210
in_domain_test,Cybersecurity,Cybersecurity,0.9673470374427018,0.9554872444328768,0.2702710691922385,2457
in_domain_test,Data Science,Data Science,0.9832834166557255,0.971578605109275,0.14444636907300204,3724
in_domain_test,Data Science,Data Science,0.964369666526075,0.9528464889112603,0.29196958711371007,1344
in_domain_test,DevOps,DevOps,0.9225809102471555,0.8761385097007272,0.48169458755462957,4384
in_domain_test,Web Development,Web Development,0.9862844882574755,0.9809454846605086,0.13054229110021393,1056
in_domain_test,Cloud Computing,Cloud Computing,0.969858504493858,0.952855720538328,0.2454980149709089,1522
in_domain_test,DevOps,DevOps,0.9097695223794668,0.8751349179655967,0.5903070547733513,1990
in_domain_test,Data Science,Web Development,0.7296294615859694,0.4700580231231562,0.9233188328087982,2496
in_domain_test,Cybersecurity,Cybersecurity,0.9729950189212182,0.9605334834702229,0.22871420099686557,1666
in_domain_test,Web Development,Web Development,0.9422796478851829,0.9021554683468447,0.3903882912491343,6238
in_domain_test,Cloud Computing,Cloud Computing,0.9697067033807546,0.9514725229268322,0.24384295211388227,963
in_domain_test,Cybersecurity,Cybersecurity,0.99440188725395,0.9920727873561864,0.0600328011225205,13701
in_domain_test,Web Development,Web Development,0.9867351464035267,0.980925937724352,0.12661998125011817,1305
in_domain_test,DevOps,DevOps,0.975798485047876,0.9572126291667026,0.1895280466081267,4638
in_domain_test,Web Development,Web Development,0.98529424140227,0.9785232259437342,0.13686374632698936,2911
in_domain_test,Web Development,Web Development,0.9215751257203906,0.8708856996717758,0.4981601556902094,1560
in_domain_test,Data Science,Data Science,0.8783480023267847,0.7859682340373375,0.6707730444262752,2120
in_domain_test,Data Science,Data Science,0.9851728343434487,0.9791787721322972,0.1391562771038152,1329
in_domain_test,Cloud Computing,Cloud Computing,0.9755590356719382,0.9599618834248101,0.20176661090328565,1013
in_domain_test,Cybersecurity,Cybersecurity,0.9632584196138858,0.9323437062770037,0.2583948904085852,7515
in_domain_test,Web Development,Web Development,0.9840129937041018,0.9793838714941293,0.15002539360801698,1757
in_domain_test,Web Development,Web Development,0.9831397732484188,0.9778777751184552,0.15677538194833684,1366
in_domain_test,Web Development,Web Development,0.9481481089943218,0.9108254374414042,0.35928699141465753,4235
in_domain_test,Web Development,Web Development,0.9854529119882638,0.9798236339571861,0.137736071741118,1586
in_domain_test,Web Development,Web Development,0.9851585887231733,0.979359718019246,0.1400222924483144,1246
in_domain_test,Web Development,Web Development,0.8656745648399786,0.7437563751948317,0.6462769912329139,6237
in_domain_test,Web Development,Web Development,0.5430615437509547,0.1855292836417981,1.4337414388510776,5914
in_domain_test,DevOps,DevOps,0.9536262526646444,0.9218429407547292,0.33105064585583915,4533
in_domain_test,Cybersecurity,Cybersecurity,0.98707579057503,0.9813692804534426,0.1223775951885828,7707
in_domain_test,Data Science,Data Science,0.9757024330104199,0.9617269815625761,0.20370311443820704,1376
in_domain_test,Data Science,Data Science,0.9661659571961037,0.9564103923176754,0.2800657702888461,1484
in_domain_test,Cybersecurity,Cybersecurity,0.8605328811604906,0.7688603784011975,0.7486320749833375,5158
in_domain_test,Web Development,Web Development,0.980650225465119,0.9750211668212309,0.17626701186496052,1001
in_domain_test,DevOps,DevOps,0.9559834832536463,0.9275980036167005,0.31006541927767245,2366
in_domain_test,DevOps,DevOps,0.9104105255180297,0.8465953496767475,0.5325082551303109,3994
in_domain_test,Web Development,Web Development,0.9874340585249748,0.9829722283363784,0.12196667668367964,1680
in_domain_test,Web Development,Web Development,0.9785363305328334,0.965403077735348,0.18344262243827364,1048
in_domain_test,DevOps,DevOps,0.9835278380056162,0.9767251639895566,0.15218519377877193,2276
in_domain_test,DevOps,DevOps,0.9864821113428841,0.9783868519296807,0.12423153363629827,5179
in_domain_test,DevOps,DevOps,0.9261356043217102,0.8605915504526288,0.4287018075077222,4604
in_domain_test,Web Development,Web Development,0.8690903990606179,0.7710723002933864,0.7067247557725596,4957
in_domain_test,Web Development,Web Development,0.9762725254177831,0.9683449104904083,0.20694207590224414,2605
in_domain_test,Data Science,Data Science,0.9158749272766823,0.8572950662080874,0.5264100080081278,2513
in_domain_test,DevOps,DevOps,0.9868044396562645,0.9817583467154533,0.12671123221548913,2188
in_domain_test,Data Science,Data Science,0.9882101397761124,0.9831579215656573,0.11389280967876937,6867
in_domain_test,DevOps,Cybersecurity,0.5751424690558521,0.18344205159284027,1.1956118412826247,4419
in_domain_test,DevOps,Web Development,0.6084217718532349,0.2190078714700865,0.9885459497577362,5060
in_domain_test,Cybersecurity,Cybersecurity,0.9721394536346848,0.9612777632909048,0.23642352169714004,1244
in_domain_test,Web Development,Web Development,0.9880432016097425,0.9848698830022555,0.11740525921029449,2201
in_domain_test,Web Development,Web Development,0.9559815110049545,0.9164177934446874,0.28751163938728497,5660
in_domain_test,Cybersecurity,Cybersecurity,0.9910923971207298,0.9851660160364569,0.08623708590230682,12039
in_domain_test,Cybersecurity,Cybersecurity,0.989395971451089,0.9840449985642145,0.100382945383047,6298
in_domain_test,Data Science,Data Science,0.9589705507211713,0.9425170766706227,0.32215445146173,985
in_domain_test,DevOps,DevOps,0.9841535684692595,0.9766363462938055,0.1414540190027264,8024
in_domain_test,Cybersecurity,Cybersecurity,0.8461575061047393,0.7639796725189724,0.8563155343243524,2408
in_domain_test,DevOps,DevOps,0.9804619777850215,0.9716029944231392,0.17396639366096267,1517
in_domain_test,Web Development,Web Development,0.9908775935165248,0.9857590080102125,0.09016535993055068,3566
in_domain_test,DevOps,DevOps,0.9601942624100817,0.9410039595636596,0.2995556704830997,4203
in_domain_test,Cybersecurity,Cybersecurity,0.9940564225590289,0.9921787788091394,0.06400916280567712,8734
in_domain_test,Data Science,Data Science,0.9906202625962578,0.9878434902172081,0.0952780298847423,5579
in_domain_test,Web Development,Web Development,0.9849975512562921,0.9800480507318327,0.14166621158078976,1533
in_domain_test,Cloud Computing,Cloud Computing,0.9591006133341514,0.9387128084646018,0.31840814938792267,1491
in_domain_test,Data Science,Data Science,0.8835069656834152,0.7913355110257851,0.6361676046255589,5793
in_domain_test,Cybersecurity,Cybersecurity,0.9720298395650218,0.9579104266034209,0.23189672090010732,7059
in_domain_test,Cybersecurity,Cybersecurity,0.9523015894767198,0.9265960548019093,0.352908779986344,7184
in_domain_test,DevOps,DevOps,0.9426968542432437,0.9184382381772194,0.409456107399944,2659
in_domain_test,Cybersecurity,Cybersecurity,0.9045819040823077,0.8528540737770439,0.5892208311025013,2447
in_domain_test,Web Development,Web Development,0.9846366481006106,0.9795613264651922,0.14404074924233856,1361
in_domain_test,Web Development,Web Development,0.8948256254080457,0.8218947357413805,0.620645556034656,1723
in_domain_test,Cybersecurity,Cybersecurity,0.9801147144500941,0.9721547154379282,0.1754266687879233,2079
in_domain_test,Cybersecurity,Cybersecurity,0.9735823339309725,0.9617735696224993,0.22472359362035138,1732
in_domain_test,Web Development,Web Development,0.982141680037007,0.9763622169167501,0.1639221265249273,1615
in_domain_test,Cloud Computing,Cloud Computing,0.9749182315498398,0.9600722982303619,0.20895201578624314,1403
in_domain_test,Data Science,Data Science,0.8803964327540779,0.7902318081415869,0.6638090733643249,4663
in_domain_test,DevOps,DevOps,0.9665304807254561,0.9542437357736875,0.2760100074423824,1590
in_domain_test,Cybersecurity,Cybersecurity,0.9756259420653992,0.9665567023635213,0.21258517781107375,1418
in_domain_test,Data Science,Data Science,0.9860471095685448,0.9812361270642282,0.13237270450997582,1465
in_domain_test,Web Development,Web Development,0.9775554346887597,0.9681041734250034,0.19674199897963407,1588
in_domain_test,DevOps,DevOps,0.98097343704443,0.971471002836461,0.16999518963277915,1867
in_domain_test,Web Development,Web Development,0.9824238486635158,0.9754262407762455,0.16101310749952363,1177
in_domain_test,Web Development,Web Development,0.9821027734888956,0.9739474055631913,0.16256243004546,1167
in_domain_test,Web Development,Web Development,0.9826792127840223,0.9768005602910056,0.15998501726485892,1343
in_domain_test,Web Development,Web Development,0.9853094867255063,0.9768897797989955,0.13441831159277526,12872
in_domain_test,Web Development,Web Development,0.9931565202613516,0.9911080105978449,0.07257760314578103,4720
in_domain_test,DevOps,DevOps,0.9752380389418361,0.9625398375360558,0.20916211046527103,1871
in_domain_test,Web Development,Web Development,0.9433067076647242,0.9098952829193155,0.3959392316101199,565
in_domain_test,Cybersecurity,Cybersecurity,0.9829501140411139,0.9747713280439151,0.1550549270829179,1950
in_domain_test,DevOps,DevOps,0.9613187244482727,0.9386102064496762,0.29535703498470334,2779
in_domain_test,Cybersecurity,Cybersecurity,0.961145542452992,0.9405713527246063,0.30089745568949944,2329
in_domain_test,Web Development,Web Development,0.796720337075578,0.6271462845348911,0.8886802866253675,8092
in_domain_test,Cloud Computing,Cloud Computing,0.965974719300932,0.9463881893253442,0.2691773211565465,1376
in_domain_test,DevOps,DevOps,0.9613268287517813,0.9434956350184582,0.30422650029689646,1031
in_domain_test,Cybersecurity,Cybersecurity,0.9910688676628461,0.9877843086714405,0.09095829570847416,7260
in_domain_test,Cybersecurity,Cybersecurity,0.9302740164801533,0.8695784566190204,0.41576507818644354,6340
in_domain_test,Data Science,Data Science,0.9097400553996963,0.8413948640123939,0.5400912302951455,2497
in_domain_test,Data Science,Data Science,0.9815297049730883,0.9742043116724957,0.16526527611167133,1573
in_domain_test,Cybersecurity,Cybersecurity,0.9787003887758751,0.9698106893830067,0.1867209881921966,2041
in_domain_test,Web Development,Web Development,0.9789924085366037,0.9718718181751527,0.18784245412812126,1104
in_domain_test,Cybersecurity,Cybersecurity,0.985928061143821,0.9807699301225019,0.1339791444287424,1632
in_domain_test,Web Development,Web Development,0.984879202428542,0.9776860061769012,0.13846160302449073,2116
in_domain_test,Data Science,Data Science,0.9612685183237885,0.9447078833990524,0.30249718755584054,926
in_domain_test,Web Development,Web Development,0.9561078940589146,0.9391224853684558,0.3367740747064559,6196
in_domain_test,Cybersecurity,Cybersecurity,0.9806699124804235,0.9678932827712216,0.1652855550822369,2394
in_domain_test,Web Development,Web Development,0.9804036139386957,0.97435197205668,0.17698722755337584,1569
in_domain_test,Cybersecurity,Cybersecurity,0.9950368733322523,0.9934616310479399,0.05489448821470857,8046
in_domain_test,Cybersecurity,Cybersecurity,0.9800348158655195,0.9706049030843444,0.17654278594733253,2159
in_domain_test,Web Development,Web Development,0.9710551833283649,0.9585707421048026,0.2360487477924874,4411
in_domain_test,Web Development,Web Development,0.9823082940681932,0.9765927149609305,0.1626257860247858,1127
in_domain_test,Web Development,Web Development,0.9854615167026314,0.981145362865677,0.13808230014882714,1182
in_domain_test,Cloud Computing,Cloud Computing,0.9717201179870247,0.9578777568100673,0.236736546991055,1274
in_domain_test,Cloud Computing,Cloud Computing,0.9658790934646364,0.9492306935611635,0.27377863629868454,1121
in_domain_test,Data Science,Data Science,0.9603719800979089,0.9357206278047661,0.30085205449492697,5295
in_domain_test,Web Development,Web Development,0.9829389267535096,0.9763420914107801,0.15736829527695737,1540
in_domain_test,Web Development,Web Development,0.9826787372405231,0.9764073507817685,0.1597905535886443,1238
in_domain_test,Web Development,Web Development,0.9638782566045316,0.9445966556508819,0.2822066745373689,9638
in_domain_test,DevOps,DevOps,0.957664728275744,0.9422366449066353,0.33383006398212667,1444
in_domain_test,Data Science,Data Science,0.9883516441484449,0.9843976573183855,0.11441175881817112,5049
in_domain_test,Data Science,Data Science,0.9528541595082881,0.9269521051825458,0.34853810254955897,2317
in_domain_test,Web Development,Web Development,0.9878456854133668,0.9827102523054876,0.11781834356869446,1475
in_domain_test,Web Development,Web Development,0.9815357197789035,0.9758595303699698,0.16853946823492655,1733
in_domain_test,Cybersecurity,Cybersecurity,0.9891152826914886,0.9841760150737182,0.10647019711876299,8986
in_domain_test,Web Development,Web Development,0.9603423314381926,0.9424370181444494,0.3116232000701775,5824
in_domain_test,Cloud Computing,Cloud Computing,0.9750458635396868,0.96160767231374,0.2110505665900417,1091
in_domain_test,Web Development,Web Development,0.9303384021364376,0.8705947058287795,0.4192267578660139,10444
in_domain_test,Web Development,Web Development,0.9593266881075294,0.9284003862365449,0.29171905703205747,4819
in_domain_test,Data Science,Data Science,0.9835279769658845,0.9771816221604269,0.1513276880945708,1754
in_domain_test,Web Development,Web Development,0.948730317482711,0.9096293269477048,0.3494344443887182,5409
in_domain_test,Web Development,Web Development,0.8567953249478764,0.7675754195615823,0.7907213725690452,2576
in_domain_test,Web Development,Web Development,0.90678873932934,0.864208339599995,0.5962607046164408,1348
in_domain_test,Data Science,Data Science,0.991717585886309,0.9890317826683631,0.08557128325517571,4381
in_domain_test,Data Science,Data Science,0.9668713448434019,0.9483719487464578,0.26411511247242336,5020
in_domain_test,Web Development,Web Development,0.9906644423474485,0.9872880109471708,0.09412721533826719,2578
in_domain_test,Web Development,Web Development,0.7780828312210588,0.5972677187954769,0.9677103647177716,1788
in_domain_test,Cybersecurity,Cybersecurity,0.9844508317533665,0.9760274825504924,0.14137444118248527,1940
in_domain_test,Web Development,Web Development,0.9782611732139275,0.9720821322007941,0.19432649889890782,1357
in_domain_test,Data Science,Data Science,0.9837548640904213,0.9761082271943305,0.14959951769036686,4578
in_domain_test,Web Development,Web Development,0.8731140368724795,0.7859391772877667,0.7084454363716743,7335
in_domain_test,Cybersecurity,Cybersecurity,0.9807534111463937,0.9665797918487501,0.16090689619112208,6845
in_domain_test,Cybersecurity,Cybersecurity,0.9920029187092206,0.9897150121372604,0.08310994698351062,4212
in_domain_test,Data Science,Data Science,0.9694115811132777,0.9595061577531192,0.2578242665221248,1331
in_domain_test,Data Science,Data Science,0.9660454539002288,0.954325434814134,0.2795297780283944,1641
in_domain_test,Cybersecurity,Cybersecurity,0.6390133213092718,0.4703186882280332,1.4358722937204134,4356
in_domain_test,Web Development,Web Development,0.9876593343031204,0.9836126998631335,0.12018043611682447,1070
in_domain_test,Web Development,Web Development,0.9566509480321208,0.9264127017050193,0.31212834564166836,6619
in_domain_test,Data Science,Data Science,0.9195513777664303,0.8631439948694161,0.5071096031185813,1930
in_domain_test,Cybersecurity,Cybersecurity,0.8233839533242839,0.6625174978717703,0.7695325447446861,7084
in_domain_test,Cybersecurity,Cybersecurity,0.9859950470704796,0.975907139168192,0.12427829473782405,2969
in_domain_test,Data Science,Data Science,0.9725377670665385,0.9577302890267546,0.22665283322133842,4930
in_domain_test,Web Development,Web Development,0.9828434847451121,0.9706949107050308,0.1474662588874491,5743
in_domain_test,Cybersecurity,Cybersecurity,0.9367885444786144,0.895681219196713,0.42743668837589754,2141
in_domain_test,Web Development,Web Development,0.9804825196578063,0.9740759219086054,0.17731642135922498,1497
in_domain_test,Data Science,Data Science,0.9864519593550545,0.9817869686905094,0.1298175220616332,1895
in_domain_test,Web Development,Web Development,0.9921669694676565,0.9870796844121252,0.07714871117351206,5026
in_domain_test,Cybersecurity,Cybersecurity,0.9943141113393816,0.9905368676684212,0.05832417802650541,19970
in_domain_test,Cybersecurity,Cybersecurity,0.9623114657448678,0.9416858482985575,0.2921422465031861,13586
in_domain_test,Data Science,Data Science,0.9750967612981268,0.9632714094772445,0.21352336097948105,1594
in_domain_test,Cloud Computing,Cloud Computing,0.9744238972362369,0.9594571408545784,0.21285051102636096,1587
in_domain_test,Web Development,Web Development,0.9773264342735498,0.9587355177111053,0.17708240006896497,10181
in_domain_test,DevOps,DevOps,0.9556767953983878,0.9396350800031944,0.3460982398850042,1710
in_domain_test,Cloud Computing,Cloud Computing,0.9733501847137717,0.9555152841188694,0.21481596261972505,1024
in_domain_test,Cybersecurity,Cybersecurity,0.9411437315013359,0.9063648004438749,0.408545091958449,1840
in_domain_test,DevOps,DevOps,0.9153875622603025,0.8405683729142178,0.4763268675980031,7967
in_domain_test,Data Science,Data Science,0.927954677642046,0.8740517286633108,0.4575039754973531,4783
in_domain_test,Cloud Computing,Cloud Computing,0.9725246299620995,0.9628027687793479,0.23464970727572715,1154
in_domain_test,Cybersecurity,Cybersecurity,0.9801031257917584,0.9728661412706707,0.17971867425880272,1448
in_domain_test,Data Science,Data Science,0.9859747955477033,0.9816828176598321,0.13412363953431944,4394
in_domain_test,Cybersecurity,Cybersecurity,0.9798581553376492,0.973615485334122,0.18188025959702409,1416
in_domain_test,DevOps,DevOps,0.9300494838687097,0.8751395800279658,0.4386361867858296,2923
in_domain_test,Data Science,Data Science,0.9805902904769506,0.9734044536826415,0.1743442788830036,7780
in_domain_test,DevOps,DevOps,0.9892083669611422,0.9842246904912969,0.10174917985943932,4818
in_domain_test,Web Development,Web Development,0.47743159920256295,0.08534773846040555,1.5350142524610513,3976
in_domain_test,Web Development,Web Development,0.9874940225425523,0.9824076132044289,0.11984028957742576,1186
in_domain_test,Web Development,Web Development,0.9870822341143122,0.9815834616340605,0.12394983391635578,5770
in_domain_test,Cloud Computing,Cloud Computing,0.9630733817698985,0.9457335929790582,0.2952494233615771,1595
in_domain_test,Data Science,Data Science,0.9876414909697478,0.9830411842021866,0.11980407562669486,1995
in_domain_test,Web Development,Web Development,0.9892312186393944,0.9862234493156724,0.10728456804121303,1062
in_domain_test,DevOps,DevOps,0.9115440368561831,0.8275964381284465,0.4619556883913547,5617
in_domain_test,Web Development,Web Development,0.9879036635714309,0.9835427816750969,0.117945090107518,1459
in_domain_test,Data Science,Data Science,0.9672415194308099,0.9527163097617347,0.26875650418073854,1414
in_domain_test,Web Development,Web Development,0.9229104492778927,0.8582073326003582,0.45600108709236054,5066
in_domain_test,Cybersecurity,Cybersecurity,0.9843130036435819,0.9791297603550316,0.14677357618796574,7300
accountant_ood,Accountant,Data Science,0.5195699251522855,0.09194852771235051,1.2969592458302726,1490
accountant_ood,Accountant,Web Development,0.7094183881210344,0.48654166544167077,1.1800274019870893,2320
accountant_ood,Accountant,Web Development,0.7530779856054632,0.5664943980605489,1.0735709957625623,2741
accountant_ood,Accountant,Web Development,0.725277405477458,0.517417004428982,1.1395200728280919,2763
accountant_ood,Accountant,Web Development,0.7795393204847308,0.6329266678151352,1.051237725806199,1901
accountant_ood,Accountant,Web Development,0.7507395819639692,0.5572322753339956,1.069649288060974,2717
accountant_ood,Accountant,Web Development,0.5846213594185948,0.27300035679286494,1.4265168184110064,1865
accountant_ood,Accountant,Web Development,0.7257926152894798,0.5067695559256284,1.1129236455457008,2977
accountant_ood,Accountant,Web Development,0.7651527333417477,0.6480049651528561,1.1605969910811074,2409
accountant_ood,Accountant,Web Development,0.7287211766017611,0.5157779669498506,1.120770177864503,2722
accountant_ood,Accountant,Web Development,0.7276583937259093,0.5199916068221728,1.137791305968549,2134
accountant_ood,Accountant,Web Development,0.7613183577476288,0.5755182742464495,1.0388010479066274,2567
accountant_ood,Accountant,Web Development,0.7673349624774234,0.5907030496694021,1.0383884925215086,2216
accountant_ood,Accountant,Web Development,0.6519672564199379,0.40351151734659657,1.3546927702925162,3455
accountant_ood,Accountant,Web Development,0.6654869110251437,0.42804608759571544,1.3183705075385337,3204
accountant_ood,Accountant,Web Development,0.7397666081241956,0.5471594267168395,1.126530451307491,3176
accountant_ood,Accountant,Web Development,0.5698552645255541,0.19756837537090244,1.3009169404245795,2249
accountant_ood,Accountant,Web Development,0.6969508873391183,0.46495597435573327,1.203806821629009,1950
accountant_ood,Accountant,Web Development,0.6317286002652969,0.32144779185989314,1.2488943005983226,2174
accountant_ood,Accountant,Web Development,0.4941211033514591,0.11799702919040839,1.5444771686515084,1895
accountant_ood,Accountant,Web Development,0.7569980932370303,0.566387596333808,1.046357265930691,2694
accountant_ood,Accountant,Web Development,0.7218922243166375,0.5116175085678171,1.154740349588738,1687
accountant_ood,Accountant,Web Development,0.716496284834891,0.5417055916528919,1.2468814403676265,2428
accountant_ood,Accountant,Web Development,0.5534272294644395,0.17410689207657354,1.3484402102178024,2744
accountant_ood,Accountant,Web Development,0.7995494749807159,0.6809195398816996,1.011884958519616,2279
accountant_ood,Accountant,Web Development,0.6395545885938807,0.4003081487101515,1.381164719629223,2799
accountant_ood,Accountant,Web Development,0.6750471219388234,0.44525841602293975,1.288294153488349,3306
accountant_ood,Accountant,Web Development,0.82414475965255,0.712892632178559,0.9040003856746729,2870
accountant_ood,Accountant,Web Development,0.7389759180983779,0.5443632269670495,1.125254277316904,2296
accountant_ood,Accountant,Web Development,0.8230053641577273,0.7029255232376951,0.8984006159770055,2195
accountant_ood,Accountant,Web Development,0.5799751588509742,0.22318605278577114,1.3110032162993728,3189
accountant_ood,Accountant,Web Development,0.7267050437213005,0.501154741771543,1.0872302011270423,3152
accountant_ood,Accountant,Web Development,0.8180978418931341,0.723974128884741,0.9765415515634707,2241
accountant_ood,Accountant,Web Development,0.7913964175138981,0.6376067381089385,0.9763685300605814,2826
accountant_ood,Accountant,Web Development,0.6699712719138867,0.39557240302143876,1.1928471158804461,2199
accountant_ood,Accountant,Web Development,0.7507395819639692,0.5572322753339956,1.069649288060974,2718
accountant_ood,Accountant,Web Development,0.7738559428632894,0.6127381038906712,1.0433913906063954,2046
accountant_ood,Accountant,Web Development,0.7316185331158142,0.5237237447439673,1.1257047083010707,2660
accountant_ood,Accountant,Web Development,0.6698696088134182,0.41849314191031317,1.2576204973491352,1847
accountant_ood,Accountant,Web Development,0.7761002590297981,0.6382266600117514,1.0499888515829305,3902
accountant_ood,Accountant,Web Development,0.7537668947522033,0.5802911769211536,1.1082340014635494,2814
accountant_ood,Accountant,Web Development,0.8134944932097259,0.6814215420837928,0.9197330418402198,3241
accountant_ood,Accountant,Data Science,0.6358891573211407,0.33980312866311174,1.27792141415215,2413
accountant_ood,Accountant,Web Development,0.7401694050492622,0.5601360823895615,1.144356651895797,2184
accountant_ood,Accountant,Web Development,0.7515741972452857,0.5836121108397003,1.1257030854940118,3521
accountant_ood,Accountant,Web Development,0.700865391122892,0.47310837212024914,1.1982237753548257,1950
accountant_ood,Accountant,Web Development,0.7537668947522033,0.5802911769211536,1.1082340014635494,2814
accountant_ood,Accountant,Web Development,0.6470118187748318,0.4131999989539549,1.3960165796591544,1323
accountant_ood,Accountant,Web Development,0.7807721478118045,0.6339279509284681,1.050142080015558,2376
accountant_ood,Accountant,Web Development,0.728392429048582,0.5323385783546486,1.161781766925165,2150
accountant_ood,Accountant,Web Development,0.8649832772498053,0.784666827809087,0.7747442596320233,1362
accountant_ood,Accountant,Web Development,0.5703158656384233,0.21804123036639145,1.3727424002054809,2270
accountant_ood,Accountant,Web Development,0.6987412027233237,0.4525129675945513,1.1590521233576634,2543
accountant_ood,Accountant,Web Development,0.7268960422937227,0.5267724774315781,1.1631439069216767,2003
accountant_ood,Accountant,Web Development,0.7963972724690662,0.6679558740322771,1.0046591337618933,1806
accountant_ood,Accountant,Web Development,0.7499759706755393,0.5536337137065082,1.0613887168517593,1814
accountant_ood,Accountant,Web Development,0.7284966285391439,0.562544884318857,1.2207331722305732,2361
accountant_ood,Accountant,Web Development,0.8420437335397523,0.7346805655732801,0.8296427160414948,2284
accountant_ood,Accountant,Web Development,0.717609141386264,0.5316410871281105,1.2141000640416322,1353
accountant_ood,Accountant,Web Development,0.8364916158504674,0.7241558548644895,0.8489027236521035,2268
accountant_ood,Accountant,Data Science,0.47251111645657284,0.02868013599564767,1.4281853619595402,2369
accountant_ood,Accountant,Web Development,0.4959976898797155,0.12106835793778004,1.5332409078682403,1943
accountant_ood,Accountant,Web Development,0.6736575180979025,0.44638692709773625,1.3088962664762867,1431
accountant_ood,Accountant,Data Science,0.5867354215321656,0.24291489529126586,1.3219477096038013,2147
accountant_ood,Accountant,Web Development,0.6175374315464386,0.3410765947709392,1.406258770600202,1949
accountant_ood,Accountant,Web Development,0.6373016582188756,0.4003151981349402,1.427215688859844,27
accountant_ood,Accountant,Web Development,0.6782762589528172,0.46154064023743757,1.3218795959330731,3232
accountant_ood,Accountant,Web Development,0.74298806315936,0.5314247181452751,1.053411816366025,2459
accountant_ood,Accountant,Web Development,0.5615741515008024,0.18429498913953501,1.3115347205894405,1237
accountant_ood,Accountant,Web Development,0.732031877259633,0.5319819837547681,1.141634032935172,1241
accountant_ood,Accountant,Web Development,0.6031802904226794,0.2739672646031404,1.3034070226520373,1735
accountant_ood,Accountant,Web Development,0.809214608393118,0.663072092411852,0.914195792395919,1832
accountant_ood,Accountant,Data Science,0.5423544352991703,0.12985635928045036,1.266167241847012,1776
accountant_ood,Accountant,Web Development,0.812495559179716,0.6991695508313552,0.9679116617425669,1317
accountant_ood,Accountant,Web Development,0.6140348871618401,0.28474657701545425,1.2616183654427024,3019
accountant_ood,Accountant,Web Development,0.6963107329783512,0.4527323321482405,1.174846266158414,5516
accountant_ood,Accountant,Web Development,0.6807123815241544,0.41568204140122317,1.1798425556338765,5109
accountant_ood,Accountant,Web Development,0.8295223801464641,0.7108384757817647,0.8709806156835035,5890
accountant_ood,Accountant,Web Development,0.7968385478137918,0.6409251671006396,0.9454633328756223,5688
accountant_ood,Accountant,Web Development,0.7488172478252,0.5507618748551892,1.0662102550956214,5832
accountant_ood,Accountant,Web Development,0.7371316074182724,0.5359393543549806,1.110331837922718,3313
accountant_ood,Accountant,Web Development,0.5834358769968031,0.23569283867954033,1.32936951404485,2977
accountant_ood,Accountant,Web Development,0.666700615942668,0.37390206166524725,1.1465530200244838,5096
accountant_ood,Accountant,Web Development,0.7704378822828126,0.5957867987361503,1.0327503500937043,5216
accountant_ood,Accountant,Web Development,0.6850828914201309,0.4158211481141045,1.1481814313805938,4831
accountant_ood,Accountant,Web Development,0.7133099538382073,0.48616939758691713,1.149562416304645,5581
accountant_ood,Accountant,Web Development,0.721599731798022,0.4982235988284338,1.1193002091271946,7864
accountant_ood,Accountant,Web Development,0.7625169380860563,0.5947707561436001,1.0650129536602717,2686
accountant_ood,Accountant,Web Development,0.7877756326879674,0.6208754805089828,0.9637714674659839,4851
accountant_ood,Accountant,Web Development,0.8576422974724004,0.7586673988897196,0.7698790736077893,5938
accountant_ood,Accountant,Web Development,0.6146417200488282,0.31174205558467116,1.3377137376855273,10830
accountant_ood,Accountant,Web Development,0.6557026487540052,0.3759707671226508,1.2490455333167425,6911
accountant_ood,Accountant,Web Development,0.6288265292320216,0.31334294717047817,1.2528240268606725,8231
accountant_ood,Accountant,Web Development,0.7824614164084338,0.6285678890743569,1.0202187447385986,5036
accountant_ood,Accountant,Web Development,0.7318633176042438,0.5202307916326838,1.0965703752195868,5253
accountant_ood,Accountant,Web Development,0.6793281750262865,0.411519061778814,1.1788222039027458,2141
accountant_ood,Accountant,Web Development,0.6916982553113223,0.4855871669476075,1.2866926298213741,1842
accountant_ood,Accountant,Web Development,0.6567823923614506,0.3828340685566306,1.2595118705286688,5945
accountant_ood,Accountant,Web Development,0.7738616454575327,0.6090764911949552,1.0297880516272977,5312
accountant_ood,Accountant,Web Development,0.7506311896696974,0.5583781996020387,1.0719687761099443,5879
accountant_ood,Accountant,Web Development,0.8433579135491869,0.7354449223252827,0.8241041813749672,8101
accountant_ood,Accountant,Web Development,0.6686413456516883,0.3820141654958241,1.1624550184745992,3305
accountant_ood,Accountant,Web Development,0.7732186318195448,0.6007201091098939,1.0154311015842088,6325
accountant_ood,Accountant,Web Development,0.8089214227866549,0.6816500430814898,0.9431258157167869,6817
accountant_ood,Accountant,Web Development,0.8089696197320206,0.6738537714750521,0.9338758992417916,4301
accountant_ood,Accountant,Web Development,0.526538090232002,0.10620754600478477,1.2989373424350927,2007
accountant_ood,Accountant,Web Development,0.6481443063572583,0.34820218082366866,1.2150590448075222,4701
accountant_ood,Accountant,Data Science,0.611132273821827,0.27009504388099076,1.2313377493336604,8254
accountant_ood,Accountant,Web Development,0.6253573280648884,0.31479233968571774,1.2785377335882133,5539
accountant_ood,Accountant,Web Development,0.719850298604066,0.5167717218170015,1.1868552864812507,1712
accountant_ood,Accountant,Web Development,0.8246786064668756,0.6994940392153026,0.8816678929485601,5082
accountant_ood,Accountant,Web Development,0.6350711789752956,0.3348815216807975,1.2703670330831618,5608
accountant_ood,Accountant,Web Development,0.7634931632872637,0.5652236143206764,0.9855599803607697,5306
accountant_ood,Accountant,Web Development,0.6233646510701096,0.34000086380085215,1.3470015441428944,1844
accountant_ood,Accountant,Web Development,0.6665137867284361,0.3867317690187469,1.1959748461826272,5373
accountant_ood,Accountant,Web Development,0.7284351564032193,0.5350523647223346,1.1677135376046308,4950
accountant_ood,Accountant,Web Development,0.7505841112756851,0.5487906787547254,1.0463865222067668,5917
accountant_ood,Accountant,Web Development,0.7780303990272988,0.6156548322928591,1.0221202856139655,5744
accountant_ood,Accountant,Web Development,0.7149524928489939,0.48152412058382554,1.1185242630997965,5401
accountant_ood,Accountant,Web Development,0.8187454138095285,0.6892442631888125,0.9080675206088576,4490
accountant_ood,Accountant,Web Development,0.545176590734127,0.15376233030011183,1.3333383566252575,2869
accountant_ood,Accountant,Web Development,0.7880711404620147,0.6139013190355378,0.9323926862046603,5899
accountant_ood,Accountant,Web Development,0.8312104746668199,0.7011521938765687,0.8359378814173857,5916
accountant_ood,Accountant,Web Development,0.5672279696864015,0.19416902741597097,1.3033770942225824,4411
accountant_ood,Accountant,Web Development,0.6725583381364977,0.4012322135401248,1.2044531593111723,3488
accountant_ood,Accountant,Web Development,0.6234227841665587,0.31529563634761415,1.2972135351877967,5920
accountant_ood,Accountant,Web Development,0.6289904036625039,0.36710214575414474,1.3910810060423835,6741
accountant_ood,Accountant,Web Development,0.6385013575530424,0.3265669351330149,1.2129764733986597,5274
accountant_ood,Accountant,Data Science,0.47251857983550777,0.03576561931714034,1.4569683174637609,4895
accountant_ood,Accountant,Web Development,0.7812151351526113,0.6244667117866919,1.0137560159533219,4854
accountant_ood,Accountant,Web Development,0.7629681609728401,0.5779274101175831,1.0337508375924167,6640
accountant_ood,Accountant,Web Development,0.7943019632639208,0.6337966060084298,0.9432503933419101,4968
accountant_ood,Accountant,Web Development,0.7857333367872013,0.6303809644288443,0.9985370935625495,4140
accountant_ood,Accountant,Web Development,0.7030460734514827,0.4893922213729077,1.2249771612979492,5492
accountant_ood,Accountant,Web Development,0.5276310146143206,0.09731016589325986,1.2596377188095227,2316
accountant_ood,Accountant,Web Development,0.6102265088060341,0.27123547860878783,1.2446036787016352,6220
accountant_ood,Accountant,Web Development,0.7052378180090033,0.46950223852412765,1.1598415737177319,9505
accountant_ood,Accountant,Web Development,0.6817696839914562,0.4282189343257972,1.213359472205241,5805
accountant_ood,Accountant,Web Development,0.6942977126121809,0.44196566856455644,1.1528543686437165,5930
accountant_ood,Accountant,Web Development,0.7418081567735212,0.5404408216592929,1.0880122942246278,5595
accountant_ood,Accountant,Web Development,0.7189637678599446,0.4862940477112597,1.1014162361283293,5645
accountant_ood,Accountant,Web Development,0.6645668674004258,0.3888309136481226,1.2168135507224493,4524
accountant_ood,Accountant,Web Development,0.7992547767851821,0.6498476648425088,0.9466481523398507,4178
accountant_ood,Accountant,Web Development,0.7273359377519835,0.5056772224089291,1.0962025696934687,5433
accountant_ood,Accountant,Web Development,0.7438240231117953,0.5927787106414273,1.1556634335121299,1974
accountant_ood,Accountant,Web Development,0.6336766900505509,0.3182817558653772,1.2224189118416526,4747
accountant_ood,Accountant,Web Development,0.7003425296753942,0.44193402842455753,1.1047824617970314,6086
accountant_ood,Accountant,Web Development,0.8025234293295765,0.6859755927993982,1.0018436432168878,5324
accountant_ood,Accountant,Web Development,0.6174512366207502,0.28382655971944404,1.2311477770325652,4949
accountant_ood,Accountant,Web Development,0.7542484793875938,0.5731818775895992,1.0850253461053758,13441
accountant_ood,Accountant,Web Development,0.6837303487377985,0.423643418032105,1.1820843727728503,5033
accountant_ood,Accountant,Web Development,0.8675724587101261,0.7838184072746405,0.7438268520938516,6469
accountant_ood,Accountant,Web Development,0.7865767968030793,0.6225189079386572,0.9738764590160847,5016
accountant_ood,Accountant,Web Development,0.6292354262939936,0.3007309939671238,1.19298042392218,5046
accountant_ood,Accountant,Web Development,0.5773058560696216,0.20069404008426783,1.2510910418189969,7065
accountant_ood,Accountant,Web Development,0.8424785867182635,0.729274012247691,0.8180624024956451,6012
accountant_ood,Accountant,Web Development,0.7627327255945708,0.5806486732021583,1.0480852210707376,1908
accountant_ood,Accountant,Web Development,0.7420039254061271,0.5570457101942734,1.1272834584775,4956
accountant_ood,Accountant,Web Development,0.6683174198163272,0.3858875347427274,1.1795069504006022,5080
accountant_ood,Accountant,Web Development,0.7856680233759671,0.6236506804375317,0.9833232302849768,5953
accountant_ood,Accountant,Web Development,0.6999712375774026,0.4559262840962072,1.1595020256324877,5037
accountant_ood,Accountant,Web Development,0.7592173074827558,0.5761742580200198,1.046152475694252,5041
accountant_ood,Accountant,Web Development,0.7923402931728847,0.6304373044473518,0.9516981504155829,5221
accountant_ood,Accountant,Web Development,0.7422350662979894,0.5445677165860479,1.095185215704681,6390
accountant_ood,Accountant,Web Development,0.7580840764742617,0.5745700421242703,1.0593554721170158,8850
accountant_ood,Accountant,Web Development,0.8486590806648134,0.7370708376325679,0.7907440264456649,4984
accountant_ood,Accountant,Web Development,0.7674689461561417,0.5837881267796786,1.0154802804643979,6099
accountant_ood,Accountant,Web Development,0.8438010344824424,0.7389365765475352,0.8212745578384758,5251
accountant_ood,Accountant,Web Development,0.7758561959556493,0.5943969537503646,0.9821705646853235,6355
accountant_ood,Accountant,Web Development,0.6569190694286109,0.3816154119848425,1.2565195266011246,6009
accountant_ood,Accountant,Web Development,0.8405158567949507,0.7167768246249737,0.8038912538206219,6492
accountant_ood,Accountant,Web Development,0.7496140297862343,0.555178641486287,1.0670603859773733,2523
accountant_ood,Accountant,Web Development,0.6832846350229861,0.42440206709201317,1.1866219259531796,5666
accountant_ood,Accountant,Web Development,0.6939699450687667,0.4488285225655077,1.1858791199371788,5293
accountant_ood,Accountant,Web Development,0.5922511727236055,0.26709023551966893,1.37521703181708,2535
accountant_ood,Accountant,Web Development,0.8136343657300691,0.674798703236885,0.9040452068944351,3156
accountant_ood,Accountant,Web Development,0.7142028823631016,0.49848108381763145,1.177749499265625,5261
accountant_ood,Accountant,Web Development,0.7742747161609437,0.5973769463135593,0.9995166523791303,6717
accountant_ood,Accountant,Web Development,0.6327867965949012,0.3160463605390912,1.2221019508275317,5302
accountant_ood,Accountant,Web Development,0.7495472918854029,0.5462044577633105,1.0395838402831488,3967
accountant_ood,Accountant,Web Development,0.7042171645525135,0.4667427189017864,1.1627207668968824,4946
accountant_ood,Accountant,Web Development,0.7829922718771287,0.6214280257363162,0.9970496254419773,8968
accountant_ood,Accountant,Web Development,0.6494135237137232,0.3575842626118373,1.2309192633861945,4848
accountant_ood,Accountant,Web Development,0.824808161400318,0.6875810985217371,0.8445580304949252,4988
accountant_ood,Accountant,Web Development,0.8017937417925569,0.6580038720831338,0.958578232489744,1673
accountant_ood,Accountant,Web Development,0.642979933409294,0.3286629338996133,1.1805073798091548,4957
accountant_ood,Accountant,Web Development,0.8241387504594565,0.6941322493052824,0.869274267724027,5174
accountant_ood,Accountant,Web Development,0.7631980387802623,0.5840007342270626,1.0495927160668521,5483
accountant_ood,Accountant,Web Development,0.7712994736268957,0.5976590530564313,1.0237254258160233,5499
accountant_ood,Accountant,Web Development,0.7749937047543399,0.6069415340803552,1.0220881537298603,6145
accountant_ood,Accountant,Web Development,0.7469708422618424,0.5392960405990852,1.0432494380654482,5606
accountant_ood,Accountant,Web Development,0.6618678159011981,0.3956182807486977,1.2517184772587875,1631
accountant_ood,Accountant,Web Development,0.6895554491909527,0.46981900016395195,1.2542662324941707,2150
accountant_ood,Accountant,Data Science,0.5004458820054885,0.05844709082200539,1.3279171501976774,2938
accountant_ood,Accountant,Web Development,0.7004041715635774,0.44744991050660393,1.1266013982470393,5188
accountant_ood,Accountant,Web Development,0.760235004990173,0.5702185842241196,1.0337089860195605,5878
accountant_ood,Accountant,Web Development,0.7722168308820259,0.5881703132597731,0.9936909747082576,5106
accountant_ood,Accountant,Web Development,0.8669668466584899,0.7697108108558212,0.7261699951733405,5751
accountant_ood,Accountant,Web Development,0.7175621791290993,0.49239270725795453,1.1306201935233462,7490
accountant_ood,Accountant,Web Development,0.8322929312040028,0.7077572919711339,0.8458267605206736,3236
accountant_ood,Accountant,Web Development,0.6597944025659149,0.3759615841453367,1.2122354137227158,8276
accountant_ood,Accountant,Web Development,0.5942148015364863,0.25944126049781135,1.3354162395825102,2552
accountant_ood,Accountant,Web Development,0.6832021601631819,0.41674452908499104,1.1642301795032455,5012
accountant_ood,Accountant,Web Development,0.7605268330604102,0.5746678906022991,1.0399626629167402,3350
accountant_ood,Accountant,Web Development,0.68498229530316,0.4190627772282987,1.1570096597172255,2188
accountant_ood,Accountant,Web Development,0.5814207535015228,0.2046194423776707,1.2296189832024158,2171
accountant_ood,Accountant,Data Science,0.5096231602559413,0.10494609633601149,1.4348236971913062,4888
accountant_ood,Accountant,Web Development,0.7080749401858804,0.49055749088244466,1.1900500148199642,1185
accountant_ood,Accountant,Web Development,0.7189637678599446,0.4862940477112597,1.1014162361283293,5645
accountant_ood,Accountant,Web Development,0.6963107329783512,0.4527323321482405,1.174846266158414,5516
accountant_ood,Accountant,Web Development,0.5636767880386729,0.27008402764696426,1.5438680486832428,2080
accountant_ood,Accountant,Web Development,0.7915620809606445,0.6359915522288012,0.9685898314143151,5019
accountant_ood,Accountant,Web Development,0.8291350553749387,0.6945163570257964,0.8297596731423832,5493
accountant_ood,Accountant,Web Development,0.6677123051999112,0.40187121042377494,1.246055923390731,775
accountant_ood,Accountant,Web Development,0.8024661768211445,0.6434360275222024,0.9075175175788668,5181
accountant_ood,Accountant,Web Development,0.6277096084770056,0.2993483799486408,1.2021311588036387,10231
accountant_ood,Accountant,Web Development,0.7257926152894798,0.5067695559256284,1.1129236455457008,2977
accountant_ood,Accountant,Web Development,0.8007780615711766,0.6497185999327544,0.9402922872254933,5632
accountant_ood,Accountant,Web Development,0.6157745853995092,0.28150096488469645,1.2375131997353783,6343
accountant_ood,Accountant,Web Development,0.6180269729357197,0.2863381917018741,1.2325802432996973,6690
accountant_ood,Accountant,Web Development,0.6211256853515301,0.3123869787503163,1.3125370282052204,5279
accountant_ood,Accountant,Web Development,0.74298806315936,0.5314247181452751,1.053411816366025,2459
accountant_ood,Accountant,Web Development,0.7803335638395422,0.6389550667073784,1.0598928220584967,1913
accountant_ood,Accountant,Web Development,0.7733508781027927,0.6034915638589966,1.0233841767867742,5918
accountant_ood,Accountant,Web Development,0.7775018191085957,0.600577057685224,0.9847193789242321,2250
accountant_ood,Accountant,Web Development,0.903472047417878,0.8454885947014606,0.6004755169202878,6163
accountant_ood,Accountant,Web Development,0.7339123936107875,0.53641575779124,1.1371632359268087,4824
accountant_ood,Accountant,Web Development,0.7402216746818109,0.5497356859697463,1.1261026002636065,2142
accountant_ood,Accountant,Web Development,0.6488791995838014,0.4067226649621846,1.3454230013612625,2122
accountant_ood,Accountant,Web Development,0.7606758528478468,0.5661975718453109,1.0145820671734715,4968
accountant_ood,Accountant,Web Development,0.8086859190947872,0.6740697000674531,0.9355825095886557,5771
accountant_ood,Accountant,Web Development,0.7333689833446088,0.5218146998061375,1.1030992060616873,4610
accountant_ood,Accountant,Web Development,0.7523908200678523,0.5607130425678779,1.063133239295797,5113
accountant_ood,Accountant,Web Development,0.7733508781027927,0.6034915638589966,1.0233841767867742,5918
accountant_ood,Accountant,Web Development,0.8020811467453829,0.6599170858593492,0.9514111603491306,5831
accountant_ood,Accountant,Web Development,0.7666851417561306,0.5744023267806333,0.9909306864157635,2800
accountant_ood,Accountant,Web Development,0.507096991634589,0.12383094628142499,1.478802427186052,1274
accountant_ood,Accountant,Web Development,0.8020811467453829,0.6599170858593492,0.9514111603491306,5831
accountant_ood,Accountant,Web Development,0.7004041715635774,0.44744991050660393,1.1266013982470393,5188
accountant_ood,Accountant,Web Development,0.8554802575485738,0.7514589210460956,0.7732601867122649,6243
accountant_ood,Accountant,Web Development,0.720880825059189,0.5039812945702061,1.1417446478198778,1999
accountant_ood,Accountant,Web Development,0.6937917772376577,0.44059958423368134,1.1583122426826318,4772
accountant_ood,Accountant,Web Development,0.7552928385831507,0.5686597033477357,1.064098911055675,7270
accountant_ood,Accountant,Web Development,0.6970069023295749,0.5612820954118962,1.3502328322682924,1330
accountant_ood,Accountant,Web Development,0.7279387309196258,0.5270422175750251,1.1488176917246387,3162
accountant_ood,Accountant,Web Development,0.7363954237984143,0.5297975674408167,1.100418199887934,2741
accountant_ood,Accountant,Web Development,0.6507861138905571,0.34593818649398,1.1781720918063003,5801
accountant_ood,Accountant,Web Development,0.565680155854751,0.2071835327077447,1.3665777640764132,1084
accountant_ood,Accountant,Web Development,0.842259603056991,0.7286693854858646,0.8238422206959031,4939
accountant_ood,Accountant,Web Development,0.6568205552283672,0.3690467991152041,1.2146408877182113,7697
accountant_ood,Accountant,Web Development,0.6420094491161418,0.3358740572908876,1.217149410032736,8114
accountant_ood,Accountant,Web Development,0.7976561565688793,0.6653867057224061,1.0025292787033244,2372
accountant_ood,Accountant,Web Development,0.5667610512882321,0.23589874538164818,1.4317653370384575,1838
accountant_ood,Accountant,Web Development,0.6288265292320216,0.31334294717047817,1.2528240268606725,8231
accountant_ood,Accountant,Web Development,0.6137963488858793,0.2786866199760036,1.2422057951819163,5297
accountant_ood,Accountant,Web Development,0.7658076473953435,0.5912770795368194,1.0464006565423956,2735
accountant_ood,Accountant,Web Development,0.7448169751466223,0.5407829796973114,1.0668243183122328,4872
accountant_ood,Accountant,Web Development,0.6090387420988586,0.3438695479815723,1.4631143151701507,36
accountant_ood,Accountant,Data Science,0.6064944275239815,0.26271318262883275,1.242516012125994,4534
accountant_ood,Accountant,Web Development,0.772398416178062,0.5885252635812876,0.9870410979581294,7908
accountant_ood,Accountant,Data Science,0.6170867566125718,0.2818998735350142,1.2259523409784383,8244
accountant_ood,Accountant,Web Development,0.7969220731179326,0.6554845890787845,0.9769387225941462,1624
accountant_ood,Accountant,Web Development,0.8105859539873357,0.6610929557981833,0.8915483056479481,13082
accountant_ood,Accountant,Web Development,0.7441994784713655,0.5426057560338647,1.0756159335312687,6660
accountant_ood,Accountant,Web Development,0.7267245500749424,0.5416036523122973,1.1950776175375364,1814
accountant_ood,Accountant,Web Development,0.7456900615529678,0.5479261779039639,1.080555895939949,5140
accountant_ood,Accountant,Web Development,0.7881820842945633,0.63724238596326,1.0015789201213994,5949
accountant_ood,Accountant,Web Development,0.8408235913257733,0.7200399989995875,0.8033524878524261,5569
accountant_ood,Accountant,Web Development,0.65303085528431,0.38219140672977664,1.2899544418403444,3473
accountant_ood,Accountant,Web Development,0.8548257449609074,0.766964267513043,0.8040724918301865,2113
accountant_ood,Accountant,Web Development,0.5073894565709878,0.14209187489486713,1.5238224859713212,1936
accountant_ood,Accountant,Web Development,0.7550960143323231,0.5771933385322061,1.0922958284017308,2028
accountant_ood,Accountant,Web Development,0.6832021601631819,0.41674452908499104,1.1642301795032455,5012
accountant_ood,Accountant,Web Development,0.8254809462677588,0.7075624829786514,0.889382852478625,4816
accountant_ood,Accountant,Web Development,0.7389759180983779,0.5443632269670495,1.125254277316904,2296
accountant_ood,Accountant,Web Development,0.6384441847018423,0.3618952746903425,1.315631768329539,1841
accountant_ood,Accountant,Web Development,0.7205445335061241,0.5002649332365195,1.1300399702504318,2969
accountant_ood,Accountant,Web Development,0.4659882611653831,0.011356543695863197,1.419166408802484,2139
accountant_ood,Accountant,Web Development,0.6542654056107422,0.36199783133362445,1.2099068946556668,9314
accountant_ood,Accountant,Web Development,0.6242230354357201,0.31443435320266705,1.285481367280552,5430
accountant_ood,Accountant,Data Science,0.7153233868122401,0.46496015926128914,1.0516872977590483,6556
accountant_ood,Accountant,Web Development,0.549867591335518,0.1622433913914354,1.327549443679624,7062
accountant_ood,Accountant,Web Development,0.7010477964179842,0.46266031355105663,1.171025310207665,6271
independent_ocr_ood,Accountant,Web Development,0.7643890954981383,0.572173060885822,1.0050150201444032,2444
independent_ocr_ood,Accountant,Web Development,0.537195856384137,0.1327899555972949,1.3121204437330463,1220
independent_ocr_ood,Accountant resumes,Data Science,0.5195699251522855,0.09194852771235051,1.2969592458302726,1490
independent_ocr_ood,Accountant resumes,Web Development,0.6663483044561975,0.44153098303155824,1.3496581547457882,1725
independent_ocr_ood,Advocate,Data Science,0.6313084249561565,0.30388372447841444,1.186542046585791,4569
independent_ocr_ood,Advocate,Web Development,0.6670041665786208,0.39621794464956134,1.221517305590799,1696
independent_ocr_ood,Advocate resumes,Web Development,0.6747389401381785,0.41014961468647293,1.2110257046955317,2369
independent_ocr_ood,Advocate resumes,Web Development,0.561209323138762,0.2078303625445067,1.397637553745674,3239
independent_ocr_ood,Agricultural,Web Development,0.5332413191971977,0.14818993773783679,1.4075291293573617,7135
independent_ocr_ood,Agricultural,Data Science,0.5632806418992766,0.17315984866202883,1.2584789010906006,4425
independent_ocr_ood,Agricultural resumes,Web Development,0.5568556676269263,0.1946416427218602,1.3829279816956521,1913
independent_ocr_ood,Agricultural resumes,Web Development,0.616224810475846,0.34411939871247377,1.425060581530302,2553
independent_ocr_ood,Agriculture,Web Development,0.4821637006841771,0.03792346098569288,1.396031579917488,1178
independent_ocr_ood,Agriculture,Web Development,0.626200455379243,0.3135826256419686,1.271819060487742,2791
independent_ocr_ood,Apparel,Web Development,0.8800313639008015,0.7932813818113351,0.6789030313663955,2468
independent_ocr_ood,Apparel,Web Development,0.8749579875157038,0.7869538629118965,0.6943766550305972,1583
independent_ocr_ood,Apparel resumes,Web Development,0.815820952260545,0.6741784706600216,0.8861850482696876,1010
independent_ocr_ood,Apparel resumes,Web Development,0.8900783438279053,0.8180247882140382,0.6465116996307039,1486
independent_ocr_ood,Architect,Web Development,0.83510515579368,0.7486820354107049,0.8956624083262341,2319
independent_ocr_ood,Architect,Web Development,0.4918317445028455,0.06669733054145077,1.4454500513086534,1451
independent_ocr_ood,Architects resumes,Web Development,0.8278557116905974,0.7167739250691368,0.9145593472928925,2419
independent_ocr_ood,Architects resumes,Web Development,0.7800064125844959,0.6109334961314747,0.995545624463271,3093
independent_ocr_ood,Arts,Data Science,0.5582931957630233,0.15267929134769853,1.2150204291270499,9285
independent_ocr_ood,Arts,Web Development,0.6090387420988586,0.3438695479815723,1.4631143151701507,98
independent_ocr_ood,Arts resumes,Web Development,0.5860815319885853,0.26673951380915106,1.4076647668183904,2312
independent_ocr_ood,Arts resumes,Web Development,0.6479051715081183,0.333980471677393,1.1603991362793078,2057
independent_ocr_ood,Automobile,Web Development,0.639366402176308,0.4088788508317116,1.4455278867998183,761
independent_ocr_ood,Automobile,Data Science,0.7375077591691216,0.53037106837826,1.0887007218262539,1570
independent_ocr_ood,Automobile resumes,Web Development,0.6604674922478413,0.42073469227502747,1.3261596906368567,1896
independent_ocr_ood,Automobile resumes,Web Development,0.6751078862538972,0.45370340624108674,1.3055242843456596,1801
independent_ocr_ood,Aviation,Data Science,0.5410513046530732,0.16239123013464618,1.3958794021065646,5313
independent_ocr_ood,Aviation,Cybersecurity,0.47420504829038157,0.09795003918215345,1.5652654990371841,5059
independent_ocr_ood,Aviation resumes,Data Science,0.4555128828283318,0.03781291082106497,1.5641229174368525,1643
independent_ocr_ood,Aviation resumes,Data Science,0.4599513752176249,0.009179733993070205,1.4408421009816474,3369
