source_category,record_count,ocr_success_rate_pct,ocr_unusable_rate_pct,mean_extracted_chars,dominant_predicted_class,dominant_class_pct,mean_confidence,high_confidence_count,high_confidence_rate_pct,average_total_latency_ms
Accountant,2,100.0,0.0,1832.0,Web Development,100.0,0.6507924759411376,0,0.0,6674.525950016687
Accountant resumes,2,100.0,0.0,1607.5,Data Science,50.0,0.5929591148042415,0,0.0,20099.65919997194
Advocate,2,100.0,0.0,3132.5,Data Science,50.0,0.6491562957673886,0,0.0,16544.855300016934
Advocate resumes,2,100.0,0.0,2804.0,Web Development,100.0,0.6179741316384703,0,0.0,13296.964250010205
Agricultural,2,100.0,0.0,5780.0,Data Science,50.0,0.5482609805482372,0,0.0,21847.460999997566
Agricultural resumes,2,100.0,0.0,2233.0,Web Development,100.0,0.5865402390513861,0,0.0,11191.039049939718
Agriculture,2,100.0,0.0,1984.5,Web Development,100.0,0.55418207803171,0,0.0,9679.476499964949
Apparel,2,100.0,0.0,2025.5,Web Development,100.0,0.8774946757082527,2,100.0,12361.054599983618
Apparel resumes,2,100.0,0.0,1248.0,Web Development,100.0,0.8529496480442251,2,100.0,12141.045600030338
Architect,2,100.0,0.0,1885.0,Web Development,100.0,0.6634684501482628,1,50.0,12149.031299981289
Architects resumes,2,100.0,0.0,2756.0,Web Development,100.0,0.8039310621375466,1,50.0,10983.824149996508
Arts,2,100.0,0.0,4691.5,Data Science,50.0,0.5836659689309409,0,0.0,16480.005349993007
Arts resumes,2,100.0,0.0,2184.5,Web Development,100.0,0.6169933517483518,0,0.0,21351.433499978157
Automobile,2,100.0,0.0,1165.5,Data Science,50.0,0.6884370806727148,0,0.0,8244.686399993952
Automobile resumes,2,100.0,0.0,1848.5,Web Development,100.0,0.6677876892508692,0,0.0,7615.885050006909
Aviation,2,100.0,0.0,5186.0,Cybersecurity,50.0,0.5076281764717274,0,0.0,19561.953749973327
Aviation resumes,2,100.0,0.0,2506.0,Data Science,100.0,0.45773212902297833,0,0.0,8910.238049982581
