operating_point,split,canonical_class,sample_count,coverage_pct,rejection_pct
OP-1 (High Coverage >=95%),val.csv,Cloud Computing,14,100.0,0.0
OP-1 (High Coverage >=95%),val.csv,Cybersecurity,55,94.54545454545455,5.454545454545454
OP-1 (High Coverage >=95%),val.csv,Data Science,62,93.54838709677419,6.451612903225806
OP-1 (High Coverage >=95%),val.csv,DevOps,41,95.1219512195122,4.878048780487805
OP-1 (High Coverage >=95%),val.csv,Web Development,105,96.19047619047619,3.8095238095238098
OP-1 (High Coverage >=95%),test.csv,Cloud Computing,14,100.0,0.0
OP-1 (High Coverage >=95%),test.csv,Cybersecurity,56,96.42857142857143,3.571428571428571
OP-1 (High Coverage >=95%),test.csv,Data Science,62,90.32258064516128,9.67741935483871
OP-1 (High Coverage >=95%),test.csv,DevOps,41,95.1219512195122,4.878048780487805
OP-1 (High Coverage >=95%),test.csv,Web Development,105,90.47619047619048,9.523809523809524
OP-2 (Balanced Coverage >=90%),val.csv,Cloud Computing,14,100.0,0.0
OP-2 (Balanced Coverage >=90%),val.csv,Cybersecurity,55,87.27272727272727,12.727272727272727
OP-2 (Balanced Coverage >=90%),val.csv,Data Science,62,91.93548387096774,8.064516129032258
OP-2 (Balanced Coverage >=90%),val.csv,DevOps,41,85.36585365853658,14.634146341463413
OP-2 (Balanced Coverage >=90%),val.csv,Web Development,105,91.42857142857143,8.571428571428571
OP-2 (Balanced Coverage >=90%),test.csv,Cloud Computing,14,100.0,0.0
OP-2 (Balanced Coverage >=90%),test.csv,Cybersecurity,56,87.5,12.5
OP-2 (Balanced Coverage >=90%),test.csv,Data Science,62,77.41935483870968,22.58064516129032
OP-2 (Balanced Coverage >=90%),test.csv,DevOps,41,92.6829268292683,7.317073170731707
OP-2 (Balanced Coverage >=90%),test.csv,Web Development,105,84.76190476190476,15.238095238095239
OP-3 (High OOD Rejection >=85%),val.csv,Cloud Computing,14,100.0,0.0
OP-3 (High OOD Rejection >=85%),val.csv,Cybersecurity,55,94.54545454545455,5.454545454545454
OP-3 (High OOD Rejection >=85%),val.csv,Data Science,62,93.54838709677419,6.451612903225806
OP-3 (High OOD Rejection >=85%),val.csv,DevOps,41,95.1219512195122,4.878048780487805
OP-3 (High OOD Rejection >=85%),val.csv,Web Development,105,96.19047619047619,3.8095238095238098
OP-3 (High OOD Rejection >=85%),test.csv,Cloud Computing,14,100.0,0.0
OP-3 (High OOD Rejection >=85%),test.csv,Cybersecurity,56,96.42857142857143,3.571428571428571
OP-3 (High OOD Rejection >=85%),test.csv,Data Science,62,93.54838709677419,6.451612903225806
OP-3 (High OOD Rejection >=85%),test.csv,DevOps,41,95.1219512195122,4.878048780487805
OP-3 (High OOD Rejection >=85%),test.csv,Web Development,105,90.47619047619048,9.523809523809524
OP-4 (Strict OOD Rejection >=95%),val.csv,Cloud Computing,14,100.0,0.0
OP-4 (Strict OOD Rejection >=95%),val.csv,Cybersecurity,55,92.72727272727272,7.2727272727272725
OP-4 (Strict OOD Rejection >=95%),val.csv,Data Science,62,91.93548387096774,8.064516129032258
OP-4 (Strict OOD Rejection >=95%),val.csv,DevOps,41,90.2439024390244,9.75609756097561
OP-4 (Strict OOD Rejection >=95%),val.csv,Web Development,105,96.19047619047619,3.8095238095238098
OP-4 (Strict OOD Rejection >=95%),test.csv,Cloud Computing,14,100.0,0.0
OP-4 (Strict OOD Rejection >=95%),test.csv,Cybersecurity,56,91.07142857142857,8.928571428571429
OP-4 (Strict OOD Rejection >=95%),test.csv,Data Science,62,87.09677419354838,12.903225806451612
OP-4 (Strict OOD Rejection >=95%),test.csv,DevOps,41,95.1219512195122,4.878048780487805
OP-4 (Strict OOD Rejection >=95%),test.csv,Web Development,105,90.47619047619048,9.523809523809524
